{"stats":{"minecraft:used":{"minecraft:netherite_shovel":33,"minecraft:dirt":7,"minecraft:snow":4,"minecraft:grass_block":110,"minecraft:netherite_pickaxe":136,"minecraft:stone":388},"minecraft:custom":{"minecraft:time_since_rest":46037,"minecraft:crouch_one_cm":69,"minecraft:play_one_minute":46363,"minecraft:sprint_one_cm":56417,"minecraft:deaths":1,"minecraft:damage_taken":760,"minecraft:walk_one_cm":44607,"minecraft:sneak_time":697,"minecraft:walk_under_water_one_cm":8311,"minecraft:jump":239,"minecraft:leave_game":2,"minecraft:walk_on_water_one_cm":4641,"minecraft:time_since_death":46015,"minecraft:climb_one_cm":42,"minecraft:swim_one_cm":2582,"minecraft:fall_one_cm":8579,"minecraft:fly_one_cm":491704},"minecraft:mined":{"minecraft:grass_block":8,"minecraft:coarse_dirt":5,"minecraft:light_gray_concrete":16,"minecraft:gravel":2,"minecraft:mossy_cobblestone":5,"minecraft:dirt":18,"minecraft:cobblestone":18,"minecraft:stone":74,"minecraft:andesite":14,"minecraft:coal_ore":2,"minecraft:light_gray_concrete_powder":6},"minecraft:picked_up":{"minecraft:light_gray_concrete_powder":6,"minecraft:light_gray_concrete":16,"minecraft:coarse_dirt":5,"minecraft:stick":2,"minecraft:andesite":14,"minecraft:apple":1,"minecraft:sweet_berries":3,"minecraft:wheat_seeds":5,"minecraft:gravel":2,"minecraft:oak_sapling":4,"minecraft:coal":2,"minecraft:dirt":26,"minecraft:cobblestone":90,"minecraft:mossy_cobblestone":5}},"DataVersion":2586}