{"stats":{"minecraft:dropped":{"minecraft:cooked_beef":192},"minecraft:picked_up":{"minecraft:cooked_beef":192,"minecraft:wheat_seeds":1},"minecraft:used":{"minecraft:netherite_sword":4,"minecraft:oak_wood":3,"minecraft:grass_block":15},"minecraft:custom":{"minecraft:jump":479,"minecraft:time_since_rest":75100,"minecraft:damage_dealt":360,"minecraft:crouch_one_cm":11,"minecraft:play_one_minute":75100,"minecraft:leave_game":8,"minecraft:time_since_death":75100,"minecraft:sprint_one_cm":59929,"minecraft:walk_on_water_one_cm":1150,"minecraft:walk_one_cm":10876,"minecraft:sneak_time":111,"minecraft:mob_kills":1,"minecraft:drop":3,"minecraft:fly_one_cm":442458},"minecraft:killed":{"minecraft:enderman":1}},"DataVersion":2586}