{
  "additionallanterns:recipes/additionallanterns/granite_lantern": {
    "criteria": {
      "has_the_recipe": "2024-05-12 16:44:04 -0500"
    },
    "done": true
  },
  "decorative_blocks:recipes/decorations/rocky_dirt": {
    "criteria": {
      "has_dirt": "2024-05-12 16:47:23 -0500"
    },
    "done": true
  },
  "additionallanterns:recipes/additionallanterns/end_stone_lantern": {
    "criteria": {
      "has_the_recipe": "2024-05-12 16:44:04 -0500"
    },
    "done": true
  },
  "minecraft:recipes/redstone/lever": {
    "criteria": {
      "has_cobblestone": "2024-05-12 17:09:05 -0500"
    },
    "done": true
  },
  "minecraft:recipes/building_blocks/cobblestone_stairs_from_cobblestone_stonecutting": {
    "criteria": {
      "has_cobblestone": "2024-05-12 17:09:05 -0500"
    },
    "done": true
  },
  "additionallanterns:recipes/additionallanterns/prismarine_chain": {
    "criteria": {
      "has_the_recipe": "2024-05-12 16:44:04 -0500"
    },
    "done": true
  },
  "minecraft:recipes/building_blocks/magenta_concrete_powder": {
    "criteria": {
      "has_gravel": "2024-05-12 17:09:14 -0500"
    },
    "done": true
  },
  "minecraft:recipes/building_blocks/stone_bricks": {
    "criteria": {
      "has_stone": "2024-05-12 16:55:40 -0500"
    },
    "done": true
  },
  "minecraft:recipes/building_blocks/polished_andesite_stairs_from_andesite_stonecutting": {
    "criteria": {
      "has_andesite": "2024-05-12 17:09:03 -0500"
    },
    "done": true
  },
  "minecraft:recipes/building_blocks/lime_concrete_powder": {
    "criteria": {
      "has_gravel": "2024-05-12 17:09:14 -0500"
    },
    "done": true
  },
  "minecraft:recipes/building_blocks/yellow_concrete_powder": {
    "criteria": {
      "has_gravel": "2024-05-12 17:09:14 -0500"
    },
    "done": true
  },
  "minecraft:recipes/decorations/campfire": {
    "criteria": {
      "has_stick": "2024-05-12 16:55:00 -0500"
    },
    "done": true
  },
  "minecraft:recipes/building_blocks/smooth_stone": {
    "criteria": {
      "has_stone": "2024-05-12 16:55:40 -0500"
    },
    "done": true
  },
  "minecraft:recipes/decorations/ladder": {
    "criteria": {
      "has_stick": "2024-05-12 16:55:00 -0500"
    },
    "done": true
  },
  "minecraft:recipes/decorations/chest": {
    "criteria": {
      "has_lots_of_items": "2024-05-12 16:55:01 -0500"
    },
    "done": true
  },
  "minecraft:recipes/building_blocks/stone_slab_from_stone_stonecutting": {
    "criteria": {
      "has_stone": "2024-05-12 16:55:40 -0500"
    },
    "done": true
  },
  "minecraft:recipes/building_blocks/brown_concrete_powder": {
    "criteria": {
      "has_gravel": "2024-05-12 17:09:14 -0500"
    },
    "done": true
  },
  "minecraft:recipes/building_blocks/chiseled_stone_bricks_stone_from_stonecutting": {
    "criteria": {
      "has_stone": "2024-05-12 16:55:40 -0500"
    },
    "done": true
  },
  "additionallanterns:recipes/misc/purpur_lantern": {
    "criteria": {
      "recipe_condition": "2024-05-12 16:44:04 -0500"
    },
    "done": true
  },
  "minecraft:recipes/tools/wooden_shovel": {
    "criteria": {
      "has_stick": "2024-05-12 16:55:00 -0500"
    },
    "done": true
  },
  "additionallanterns:recipes/misc/basalt_chain": {
    "criteria": {
      "recipe_condition": "2024-05-12 16:44:04 -0500"
    },
    "done": true
  },
  "additionallanterns:recipes/additionallanterns/purpur_lantern": {
    "criteria": {
      "has_the_recipe": "2024-05-12 16:44:04 -0500"
    },
    "done": true
  },
  "additionallanterns:recipes/additionallanterns/obsidian_lantern": {
    "criteria": {
      "has_the_recipe": "2024-05-12 16:44:04 -0500"
    },
    "done": true
  },
  "additionallanterns:recipes/misc/andesite_lantern": {
    "criteria": {
      "recipe_condition": "2024-05-12 16:44:04 -0500"
    },
    "done": true
  },
  "minecraft:recipes/building_blocks/stone_brick_slab_from_stone_stonecutting": {
    "criteria": {
      "has_stone": "2024-05-12 16:55:40 -0500"
    },
    "done": true
  },
  "minecraft:recipes/building_blocks/mossy_cobblestone_slab_from_mossy_cobblestone_stonecutting": {
    "criteria": {
      "has_mossy_cobblestone": "2024-05-12 17:09:04 -0500"
    },
    "done": true
  },
  "minecraft:recipes/transportation/spruce_boat": {
    "criteria": {
      "in_water": "2024-05-12 16:45:11 -0500"
    },
    "done": true
  },
  "aquaculture:recipes/tools/wooden_fillet_knife": {
    "criteria": {
      "has_items": "2024-05-12 16:55:00 -0500"
    },
    "done": true
  },
  "additionallanterns:recipes/misc/prismarine_lantern": {
    "criteria": {
      "recipe_condition": "2024-05-12 16:44:04 -0500"
    },
    "done": true
  },
  "additionallanterns:recipes/additionallanterns/blackstone_chain": {
    "criteria": {
      "has_the_recipe": "2024-05-12 16:44:04 -0500"
    },
    "done": true
  },
  "farmersdelight:recipes/farmersdelight/sweet_berry_cookie": {
    "criteria": {
      "has_sweet_berries": "2024-05-12 17:04:41 -0500"
    },
    "done": true
  },
  "minecraft:recipes/tools/wooden_hoe": {
    "criteria": {
      "has_stick": "2024-05-12 16:55:00 -0500"
    },
    "done": true
  },
  "additionallanterns:recipes/misc/smooth_stone_chain": {
    "criteria": {
      "recipe_condition": "2024-05-12 16:44:04 -0500"
    },
    "done": true
  },
  "additionallanterns:recipes/additionallanterns/quartz_lantern": {
    "criteria": {
      "has_the_recipe": "2024-05-12 16:44:04 -0500"
    },
    "done": true
  },
  "minecraft:recipes/building_blocks/cobblestone_slab": {
    "criteria": {
      "has_cobblestone": "2024-05-12 17:09:05 -0500"
    },
    "done": true
  },
  "additionallanterns:recipes/misc/normal_nether_bricks_chain": {
    "criteria": {
      "recipe_condition": "2024-05-12 16:44:04 -0500"
    },
    "done": true
  },
  "additionallanterns:recipes/additionallanterns/normal_nether_bricks_chain": {
    "criteria": {
      "has_the_recipe": "2024-05-12 16:44:04 -0500"
    },
    "done": true
  },
  "minecraft:recipes/building_blocks/cobblestone_stairs": {
    "criteria": {
      "has_cobblestone": "2024-05-12 17:09:05 -0500"
    },
    "done": true
  },
  "additionallanterns:recipes/additionallanterns/quartz_chain": {
    "criteria": {
      "has_the_recipe": "2024-05-12 16:44:04 -0500"
    },
    "done": true
  },
  "additionallanterns:recipes/misc/quartz_chain": {
    "criteria": {
      "recipe_condition": "2024-05-12 16:44:04 -0500"
    },
    "done": true
  },
  "create:recipes/create.palettes/paved_andesite_from_andesite_stonecutting": {
    "criteria": {
      "has_andesite": "2024-05-12 17:09:03 -0500"
    },
    "done": true
  },
  "additionallanterns:recipes/additionallanterns/bricks_lantern": {
    "criteria": {
      "has_the_recipe": "2024-05-12 16:44:04 -0500"
    },
    "done": true
  },
  "minecraft:recipes/building_blocks/coarse_dirt": {
    "criteria": {
      "has_gravel": "2024-05-12 17:09:14 -0500"
    },
    "done": true
  },
  "minecraft:recipes/building_blocks/mossy_cobblestone_stairs_from_mossy_cobblestone_stonecutting": {
    "criteria": {
      "has_mossy_cobblestone": "2024-05-12 17:09:04 -0500"
    },
    "done": true
  },
  "create:recipes/create.palettes/andesite_pillar_from_andesite_stonecutting": {
    "criteria": {
      "has_andesite": "2024-05-12 17:09:03 -0500"
    },
    "done": true
  },
  "additionallanterns:recipes/misc/diorite_lantern": {
    "criteria": {
      "recipe_condition": "2024-05-12 16:44:04 -0500"
    },
    "done": true
  },
  "additionallanterns:recipes/misc/end_stone_chain": {
    "criteria": {
      "recipe_condition": "2024-05-12 16:44:04 -0500"
    },
    "done": true
  },
  "minecraft:recipes/building_blocks/light_gray_concrete_powder": {
    "criteria": {
      "has_gravel": "2024-05-12 17:09:14 -0500"
    },
    "done": true
  },
  "minecraft:recipes/building_blocks/light_blue_concrete_powder": {
    "criteria": {
      "has_gravel": "2024-05-12 17:09:14 -0500"
    },
    "done": true
  },
  "additionallanterns:recipes/additionallanterns/basalt_chain": {
    "criteria": {
      "has_the_recipe": "2024-05-12 16:44:04 -0500"
    },
    "done": true
  },
  "minecraft:recipes/decorations/mossy_cobblestone_wall": {
    "criteria": {
      "has_mossy_cobblestone": "2024-05-12 17:09:04 -0500"
    },
    "done": true
  },
  "create:recipes/create.palettes/fancy_andesite_bricks_from_andesite_stonecutting": {
    "criteria": {
      "has_andesite": "2024-05-12 17:09:03 -0500"
    },
    "done": true
  },
  "minecraft:recipes/building_blocks/pink_concrete_powder": {
    "criteria": {
      "has_gravel": "2024-05-12 17:09:14 -0500"
    },
    "done": true
  },
  "sophisticatedbackpacks:recipes/sophisticatedbackpacks/blasting_upgrade": {
    "criteria": {
      "has_upgrade_base": "2024-05-12 16:44:04 -0500"
    },
    "done": true
  },
  "minecraft:recipes/decorations/mossy_cobblestone_wall_from_mossy_cobblestone_stonecutting": {
    "criteria": {
      "has_mossy_cobblestone": "2024-05-12 17:09:04 -0500"
    },
    "done": true
  },
  "additionallanterns:recipes/misc/basalt_lantern": {
    "criteria": {
      "recipe_condition": "2024-05-12 16:44:04 -0500"
    },
    "done": true
  },
  "sophisticatedbackpacks:recipes/sophisticatedbackpacks/auto_smoking_upgrade": {
    "criteria": {
      "has_smoking_upgrade": "2024-05-12 16:44:04 -0500"
    },
    "done": true
  },
  "minecraft:recipes/building_blocks/purple_concrete_powder": {
    "criteria": {
      "has_gravel": "2024-05-12 17:09:14 -0500"
    },
    "done": true
  },
  "additionallanterns:recipes/misc/crimson_lantern": {
    "criteria": {
      "recipe_condition": "2024-05-12 16:44:04 -0500"
    },
    "done": true
  },
  "minecraft:recipes/building_blocks/stone_stairs_from_stone_stonecutting": {
    "criteria": {
      "has_stone": "2024-05-12 16:55:40 -0500"
    },
    "done": true
  },
  "create:recipes/create.palettes/andesite_bricks_from_andesite_stonecutting": {
    "criteria": {
      "has_andesite": "2024-05-12 17:09:03 -0500"
    },
    "done": true
  },
  "minecraft:recipes/building_blocks/andesite_stairs_from_andesite_stonecutting": {
    "criteria": {
      "has_andesite": "2024-05-12 17:09:03 -0500"
    },
    "done": true
  },
  "minecraft:story/mine_stone": {
    "criteria": {
      "get_stone": "2024-05-12 17:09:05 -0500"
    },
    "done": true
  },
  "additionallanterns:recipes/misc/red_sandstone_lantern": {
    "criteria": {
      "recipe_condition": "2024-05-12 16:44:04 -0500"
    },
    "done": true
  },
  "minecraft:recipes/decorations/furnace": {
    "criteria": {
      "has_cobblestone": "2024-05-12 17:09:05 -0500"
    },
    "done": true
  },
  "additionallanterns:recipes/additionallanterns/dark_prismarine_lantern": {
    "criteria": {
      "has_the_recipe": "2024-05-12 16:44:04 -0500"
    },
    "done": true
  },
  "additionallanterns:recipes/additionallanterns/red_nether_bricks_lantern": {
    "criteria": {
      "has_the_recipe": "2024-05-12 16:44:04 -0500"
    },
    "done": true
  },
  "morevillagers:root": {
    "criteria": {
      "always": "2024-05-12 16:44:04 -0500"
    },
    "done": true
  },
  "minecraft:recipes/building_blocks/andesite_stairs": {
    "criteria": {
      "has_andesite": "2024-05-12 17:09:03 -0500"
    },
    "done": true
  },
  "minecraft:recipes/tools/wooden_pickaxe": {
    "criteria": {
      "has_stick": "2024-05-12 16:55:00 -0500"
    },
    "done": true
  },
  "sophisticatedbackpacks:recipes/sophisticatedbackpacks/smoking_upgrade_from_smelting_upgrade": {
    "criteria": {
      "has_smelting_upgrade": "2024-05-12 16:44:04 -0500"
    },
    "done": true
  },
  "minecraft:recipes/building_blocks/cobblestone_slab_from_cobblestone_stonecutting": {
    "criteria": {
      "has_cobblestone": "2024-05-12 17:09:05 -0500"
    },
    "done": true
  },
  "additionallanterns:recipes/misc/red_nether_bricks_chain": {
    "criteria": {
      "recipe_condition": "2024-05-12 16:44:04 -0500"
    },
    "done": true
  },
  "supplementaries:recipes/pedestal": {
    "criteria": {
      "has_item": "2024-05-12 16:55:40 -0500"
    },
    "done": true
  },
  "minecraft:recipes/transportation/birch_boat": {
    "criteria": {
      "in_water": "2024-05-12 16:45:11 -0500"
    },
    "done": true
  },
  "securitycraft:recipes/securitycraft/sonic_security_system": {
    "criteria": {
      "has_stick": "2024-05-12 16:55:00 -0500"
    },
    "done": true
  },
  "minecraft:recipes/building_blocks/polished_andesite_slab_from_andesite_stonecutting": {
    "criteria": {
      "has_andesite": "2024-05-12 17:09:03 -0500"
    },
    "done": true
  },
  "minecraft:recipes/building_blocks/green_concrete_powder": {
    "criteria": {
      "has_gravel": "2024-05-12 17:09:14 -0500"
    },
    "done": true
  },
  "minecraft:recipes/building_blocks/polished_andesite_from_andesite_stonecutting": {
    "criteria": {
      "has_andesite": "2024-05-12 17:09:03 -0500"
    },
    "done": true
  },
  "additionallanterns:recipes/additionallanterns/andesite_chain": {
    "criteria": {
      "has_the_recipe": "2024-05-12 16:44:04 -0500"
    },
    "done": true
  },
  "minecraft:recipes/transportation/acacia_boat": {
    "criteria": {
      "in_water": "2024-05-12 16:45:11 -0500"
    },
    "done": true
  },
  "additionallanterns:recipes/additionallanterns/red_sandstone_lantern": {
    "criteria": {
      "has_the_recipe": "2024-05-12 16:44:04 -0500"
    },
    "done": true
  },
  "additionallanterns:recipes/additionallanterns/normal_sandstone_lantern": {
    "criteria": {
      "has_the_recipe": "2024-05-12 16:44:04 -0500"
    },
    "done": true
  },
  "additionallanterns:recipes/additionallanterns/smooth_stone_lantern": {
    "criteria": {
      "has_the_recipe": "2024-05-12 16:44:04 -0500"
    },
    "done": true
  },
  "farmersdelight:recipes/farmersdelight/cutting_board": {
    "criteria": {
      "has_stick": "2024-05-12 16:55:00 -0500"
    },
    "done": true
  },
  "additionallanterns:recipes/misc/andesite_chain": {
    "criteria": {
      "recipe_condition": "2024-05-12 16:44:04 -0500"
    },
    "done": true
  },
  "aquaculture:recipes/tools/stone_fillet_knife": {
    "criteria": {
      "has_items": "2024-05-12 17:09:04 -0500"
    },
    "done": true
  },
  "sophisticatedbackpacks:recipes/sophisticatedbackpacks/auto_blasting_upgrade_from_auto_smelting_upgrade": {
    "criteria": {
      "has_auto_smelting_upgrade": "2024-05-12 16:44:04 -0500"
    },
    "done": true
  },
  "minecraft:recipes/building_blocks/white_concrete_powder": {
    "criteria": {
      "has_gravel": "2024-05-12 17:09:14 -0500"
    },
    "done": true
  },
  "farmersdelight:main/root": {
    "criteria": {
      "seeds": "2024-05-12 16:44:04 -0500"
    },
    "done": true
  },
  "minecraft:recipes/building_blocks/stone_brick_stairs_from_stone_stonecutting": {
    "criteria": {
      "has_stone": "2024-05-12 16:55:40 -0500"
    },
    "done": true
  },
  "additionallanterns:recipes/misc/normal_sandstone_chain": {
    "criteria": {
      "recipe_condition": "2024-05-12 16:44:04 -0500"
    },
    "done": true
  },
  "minecraft:recipes/tools/stone_hoe": {
    "criteria": {
      "has_cobblestone": "2024-05-12 17:09:05 -0500"
    },
    "done": true
  },
  "additionallanterns:recipes/additionallanterns/crimson_lantern": {
    "criteria": {
      "has_the_recipe": "2024-05-12 16:44:04 -0500"
    },
    "done": true
  },
  "create:recipes/create.palettes/mossy_andesite_from_andesite_stonecutting": {
    "criteria": {
      "has_andesite": "2024-05-12 17:09:03 -0500"
    },
    "done": true
  },
  "additionallanterns:recipes/additionallanterns/normal_nether_bricks_lantern": {
    "criteria": {
      "has_the_recipe": "2024-05-12 16:44:04 -0500"
    },
    "done": true
  },
  "additionallanterns:recipes/misc/quartz_lantern": {
    "criteria": {
      "recipe_condition": "2024-05-12 16:44:04 -0500"
    },
    "done": true
  },
  "create:root": {
    "criteria": {
      "0": "2024-05-12 16:44:04 -0500"
    },
    "done": true
  },
  "additionallanterns:recipes/additionallanterns/bricks_chain": {
    "criteria": {
      "has_the_recipe": "2024-05-12 16:44:04 -0500"
    },
    "done": true
  },
  "minecraft:recipes/transportation/oak_boat": {
    "criteria": {
      "in_water": "2024-05-12 16:45:11 -0500"
    },
    "done": true
  },
  "additionallanterns:recipes/misc/diorite_chain": {
    "criteria": {
      "recipe_condition": "2024-05-12 16:44:04 -0500"
    },
    "done": true
  },
  "additionallanterns:recipes/misc/crimson_chain": {
    "criteria": {
      "recipe_condition": "2024-05-12 16:44:04 -0500"
    },
    "done": true
  },
  "minecraft:recipes/building_blocks/orange_concrete_powder": {
    "criteria": {
      "has_gravel": "2024-05-12 17:09:14 -0500"
    },
    "done": true
  },
  "additionallanterns:recipes/additionallanterns/warped_lantern": {
    "criteria": {
      "has_the_recipe": "2024-05-12 16:44:04 -0500"
    },
    "done": true
  },
  "minecraft:recipes/building_blocks/cyan_concrete_powder": {
    "criteria": {
      "has_gravel": "2024-05-12 17:09:14 -0500"
    },
    "done": true
  },
  "create:recipes/create.palettes/andesite_cobblestone_from_andesite_stonecutting": {
    "criteria": {
      "has_andesite": "2024-05-12 17:09:03 -0500"
    },
    "done": true
  },
  "additionallanterns:recipes/misc/granite_chain": {
    "criteria": {
      "recipe_condition": "2024-05-12 16:44:04 -0500"
    },
    "done": true
  },
  "minecraft:recipes/tools/wooden_axe": {
    "criteria": {
      "has_stick": "2024-05-12 16:55:00 -0500"
    },
    "done": true
  },
  "minecraft:recipes/building_blocks/mossy_stone_bricks": {
    "criteria": {
      "has_mossy_cobblestone": "2024-05-12 17:09:04 -0500"
    },
    "done": true
  },
  "additionallanterns:recipes/misc/prismarine_chain": {
    "criteria": {
      "recipe_condition": "2024-05-12 16:44:04 -0500"
    },
    "done": true
  },
  "additionallanterns:recipes/misc/warped_lantern": {
    "criteria": {
      "recipe_condition": "2024-05-12 16:44:04 -0500"
    },
    "done": true
  },
  "minecraft:recipes/building_blocks/stone_bricks_from_stone_stonecutting": {
    "criteria": {
      "has_stone": "2024-05-12 16:55:40 -0500"
    },
    "done": true
  },
  "additionallanterns:recipes/additionallanterns/purpur_chain": {
    "criteria": {
      "has_the_recipe": "2024-05-12 16:44:04 -0500"
    },
    "done": true
  },
  "additionallanterns:recipes/additionallanterns/end_stone_chain": {
    "criteria": {
      "has_the_recipe": "2024-05-12 16:44:04 -0500"
    },
    "done": true
  },
  "additionallanterns:recipes/misc/smooth_stone_lantern": {
    "criteria": {
      "recipe_condition": "2024-05-12 16:44:04 -0500"
    },
    "done": true
  },
  "upgradednetherite:recipes/upgraded_netherite_shovel_smithing": {
    "criteria": {
      "has_netherite_shovel": "2024-05-12 17:08:58 -0500"
    },
    "done": true
  },
  "additionallanterns:recipes/misc/obsidian_lantern": {
    "criteria": {
      "recipe_condition": "2024-05-12 16:44:04 -0500"
    },
    "done": true
  },
  "create:recipes/create.palettes/overgrown_andesite_from_andesite_stonecutting": {
    "criteria": {
      "has_andesite": "2024-05-12 17:09:03 -0500"
    },
    "done": true
  },
  "additionallanterns:recipes/additionallanterns/basalt_lantern": {
    "criteria": {
      "has_the_recipe": "2024-05-12 16:44:04 -0500"
    },
    "done": true
  },
  "additionallanterns:recipes/additionallanterns/prismarine_lantern": {
    "criteria": {
      "has_the_recipe": "2024-05-12 16:44:04 -0500"
    },
    "done": true
  },
  "minecraft:recipes/building_blocks/stone_slab": {
    "criteria": {
      "has_stone": "2024-05-12 16:55:40 -0500"
    },
    "done": true
  },
  "minecraft:recipes/building_blocks/andesite_slab_from_andesite_stonecutting": {
    "criteria": {
      "has_andesite": "2024-05-12 17:09:03 -0500"
    },
    "done": true
  },
  "minecraft:recipes/building_blocks/coal_block": {
    "criteria": {
      "has_coal": "2024-05-12 17:09:51 -0500"
    },
    "done": true
  },
  "additionallanterns:recipes/misc/purpur_chain": {
    "criteria": {
      "recipe_condition": "2024-05-12 16:44:04 -0500"
    },
    "done": true
  },
  "additionallanterns:recipes/misc/end_stone_lantern": {
    "criteria": {
      "recipe_condition": "2024-05-12 16:44:04 -0500"
    },
    "done": true
  },
  "minecraft:recipes/combat/wooden_sword": {
    "criteria": {
      "has_stick": "2024-05-12 16:55:00 -0500"
    },
    "done": true
  },
  "minecraft:recipes/tools/stone_shovel": {
    "criteria": {
      "has_cobblestone": "2024-05-12 17:09:05 -0500"
    },
    "done": true
  },
  "additionallanterns:recipes/misc/warped_chain": {
    "criteria": {
      "recipe_condition": "2024-05-12 16:44:04 -0500"
    },
    "done": true
  },
  "minecraft:recipes/building_blocks/blue_concrete_powder": {
    "criteria": {
      "has_gravel": "2024-05-12 17:09:14 -0500"
    },
    "done": true
  },
  "minecraft:recipes/building_blocks/mossy_cobblestone_slab": {
    "criteria": {
      "has_mossy_cobblestone": "2024-05-12 17:09:04 -0500"
    },
    "done": true
  },
  "minecraft:recipes/building_blocks/gray_concrete_powder": {
    "criteria": {
      "has_gravel": "2024-05-12 17:09:14 -0500"
    },
    "done": true
  },
  "additionallanterns:recipes/misc/granite_lantern": {
    "criteria": {
      "recipe_condition": "2024-05-12 16:44:04 -0500"
    },
    "done": true
  },
  "securitycraft:recipes/securitycraft/reinforced_andesite": {
    "criteria": {
      "has_cobblestone": "2024-05-12 17:09:04 -0500"
    },
    "done": true
  },
  "additionallanterns:recipes/additionallanterns/blackstone_lantern": {
    "criteria": {
      "has_the_recipe": "2024-05-12 16:44:04 -0500"
    },
    "done": true
  },
  "sophisticatedbackpacks:recipes/sophisticatedbackpacks/blasting_upgrade_from_smelting_upgrade": {
    "criteria": {
      "has_smelting_upgrade": "2024-05-12 16:44:04 -0500"
    },
    "done": true
  },
  "additionallanterns:recipes/additionallanterns/andesite_lantern": {
    "criteria": {
      "has_the_recipe": "2024-05-12 16:44:04 -0500"
    },
    "done": true
  },
  "additionallanterns:recipes/misc/red_sandstone_chain": {
    "criteria": {
      "recipe_condition": "2024-05-12 16:44:04 -0500"
    },
    "done": true
  },
  "minecraft:recipes/building_blocks/black_concrete_powder": {
    "criteria": {
      "has_gravel": "2024-05-12 17:09:14 -0500"
    },
    "done": true
  },
  "supplementaries:recipes/crank": {
    "criteria": {
      "has_item": "2024-05-12 17:09:05 -0500"
    },
    "done": true
  },
  "securitycraft:recipes/securitycraft/laser_block": {
    "criteria": {
      "has_stone": "2024-05-12 17:09:05 -0500"
    },
    "done": true
  },
  "additionallanterns:recipes/additionallanterns/crimson_chain": {
    "criteria": {
      "has_the_recipe": "2024-05-12 16:44:04 -0500"
    },
    "done": true
  },
  "additionallanterns:recipes/misc/blackstone_chain": {
    "criteria": {
      "recipe_condition": "2024-05-12 16:44:04 -0500"
    },
    "done": true
  },
  "minecraft:recipes/redstone/stone_button": {
    "criteria": {
      "has_stone": "2024-05-12 16:55:40 -0500"
    },
    "done": true
  },
  "minecraft:recipes/combat/crossbow": {
    "criteria": {
      "has_stick": "2024-05-12 16:55:00 -0500"
    },
    "done": true
  },
  "additionallanterns:recipes/additionallanterns/granite_chain": {
    "criteria": {
      "has_the_recipe": "2024-05-12 16:44:04 -0500"
    },
    "done": true
  },
  "additionallanterns:recipes/misc/obsidian_chain": {
    "criteria": {
      "recipe_condition": "2024-05-12 16:44:04 -0500"
    },
    "done": true
  },
  "sophisticatedbackpacks:recipes/sophisticatedbackpacks/smoking_upgrade": {
    "criteria": {
      "has_upgrade_base": "2024-05-12 16:44:04 -0500"
    },
    "done": true
  },
  "additionallanterns:recipes/additionallanterns/red_sandstone_chain": {
    "criteria": {
      "has_the_recipe": "2024-05-12 16:44:04 -0500"
    },
    "done": true
  },
  "create:recipes/create.palettes/andesite_pillar": {
    "criteria": {
      "has_andesite": "2024-05-12 17:09:03 -0500"
    },
    "done": true
  },
  "minecraft:recipes/building_blocks/red_concrete_powder": {
    "criteria": {
      "has_gravel": "2024-05-12 17:09:14 -0500"
    },
    "done": true
  },
  "additionallanterns:recipes/additionallanterns/diorite_chain": {
    "criteria": {
      "has_the_recipe": "2024-05-12 16:44:04 -0500"
    },
    "done": true
  },
  "additionallanterns:recipes/additionallanterns/red_nether_bricks_chain": {
    "criteria": {
      "has_the_recipe": "2024-05-12 16:44:04 -0500"
    },
    "done": true
  },
  "securitycraft:recipes/securitycraft/reinforced_diorite": {
    "criteria": {
      "has_cobblestone": "2024-05-12 17:09:04 -0500"
    },
    "done": true
  },
  "additionallanterns:recipes/misc/normal_sandstone_lantern": {
    "criteria": {
      "recipe_condition": "2024-05-12 16:44:04 -0500"
    },
    "done": true
  },
  "farmersdelight:recipes/farmersdelight/flint_knife": {
    "criteria": {
      "has_stick": "2024-05-12 16:55:00 -0500"
    },
    "done": true
  },
  "minecraft:recipes/building_blocks/stone": {
    "criteria": {
      "has_cobblestone": "2024-05-12 17:09:05 -0500"
    },
    "done": true
  },
  "additionallanterns:recipes/misc/blackstone_lantern": {
    "criteria": {
      "recipe_condition": "2024-05-12 16:44:04 -0500"
    },
    "done": true
  },
  "minecraft:recipes/building_blocks/polished_andesite": {
    "criteria": {
      "has_stone": "2024-05-12 17:09:03 -0500"
    },
    "done": true
  },
  "additionallanterns:recipes/additionallanterns/normal_sandstone_chain": {
    "criteria": {
      "has_the_recipe": "2024-05-12 16:44:04 -0500"
    },
    "done": true
  },
  "minecraft:recipes/decorations/stonecutter": {
    "criteria": {
      "has_stone": "2024-05-12 16:55:40 -0500"
    },
    "done": true
  },
  "minecraft:adventure/adventuring_time": {
    "criteria": {
      "minecraft:forest": "2024-05-12 16:44:04 -0500",
      "minecraft:mountains": "2024-05-12 16:44:58 -0500",
      "minecraft:river": "2024-05-12 16:44:57 -0500",
      "minecraft:wooded_mountains": "2024-05-12 17:00:24 -0500",
      "minecraft:swamp": "2024-05-12 16:44:20 -0500",
      "minecraft:plains": "2024-05-12 16:48:35 -0500"
    },
    "done": false
  },
  "additionallanterns:recipes/misc/bricks_chain": {
    "criteria": {
      "recipe_condition": "2024-05-12 16:44:04 -0500"
    },
    "done": true
  },
  "decorative_blocks:recipes/decorations/stone_pillar": {
    "criteria": {
      "has_stone": "2024-05-12 16:55:40 -0500"
    },
    "done": true
  },
  "minecraft:recipes/combat/stone_sword": {
    "criteria": {
      "has_cobblestone": "2024-05-12 17:09:05 -0500"
    },
    "done": true
  },
  "minecraft:recipes/decorations/cobblestone_wall": {
    "criteria": {
      "has_cobblestone": "2024-05-12 17:09:05 -0500"
    },
    "done": true
  },
  "upgradednetherite:recipes/upgraded_netherite_pickaxe_smithing": {
    "criteria": {
      "has_netherite_pickaxe": "2024-05-12 17:08:56 -0500"
    },
    "done": true
  },
  "minecraft:recipes/tools/stone_pickaxe": {
    "criteria": {
      "has_cobblestone": "2024-05-12 17:09:05 -0500"
    },
    "done": true
  },
  "minecraft:recipes/redstone/stone_pressure_plate": {
    "criteria": {
      "has_stone": "2024-05-12 16:55:40 -0500"
    },
    "done": true
  },
  "securitycraft:recipes/securitycraft/motion_activated_light": {
    "criteria": {
      "has_stick": "2024-05-12 16:55:00 -0500"
    },
    "done": true
  },
  "additionallanterns:recipes/misc/dark_prismarine_chain": {
    "criteria": {
      "recipe_condition": "2024-05-12 16:44:04 -0500"
    },
    "done": true
  },
  "additionallanterns:recipes/misc/normal_nether_bricks_lantern": {
    "criteria": {
      "recipe_condition": "2024-05-12 16:44:04 -0500"
    },
    "done": true
  },
  "minecraft:recipes/transportation/jungle_boat": {
    "criteria": {
      "in_water": "2024-05-12 16:45:11 -0500"
    },
    "done": true
  },
  "minecraft:recipes/decorations/cobblestone_wall_from_cobblestone_stonecutting": {
    "criteria": {
      "has_cobblestone": "2024-05-12 17:09:05 -0500"
    },
    "done": true
  },
  "minecraft:recipes/decorations/stone_brick_walls_from_stone_stonecutting": {
    "criteria": {
      "has_stone": "2024-05-12 16:55:40 -0500"
    },
    "done": true
  },
  "additionallanterns:recipes/additionallanterns/warped_chain": {
    "criteria": {
      "has_the_recipe": "2024-05-12 16:44:04 -0500"
    },
    "done": true
  },
  "minecraft:recipes/transportation/dark_oak_boat": {
    "criteria": {
      "in_water": "2024-05-12 16:45:11 -0500"
    },
    "done": true
  },
  "minecraft:recipes/decorations/andesite_wall_from_andesite_stonecutting": {
    "criteria": {
      "has_andesite": "2024-05-12 17:09:03 -0500"
    },
    "done": true
  },
  "sophisticatedbackpacks:recipes/sophisticatedbackpacks/auto_smoking_upgrade_from_auto_smelting_upgrade": {
    "criteria": {
      "has_auto_smelting_upgrade": "2024-05-12 16:44:04 -0500"
    },
    "done": true
  },
  "additionallanterns:recipes/misc/dark_prismarine_lantern": {
    "criteria": {
      "recipe_condition": "2024-05-12 16:44:04 -0500"
    },
    "done": true
  },
  "dungeons_arise:wda_root": {
    "criteria": {
      "WDA": "2024-05-12 16:44:04 -0500"
    },
    "done": true
  },
  "create:recipes/create.palettes/layered_andesite_from_andesite_stonecutting": {
    "criteria": {
      "has_andesite": "2024-05-12 17:09:03 -0500"
    },
    "done": true
  },
  "sophisticatedbackpacks:recipes/sophisticatedbackpacks/auto_blasting_upgrade": {
    "criteria": {
      "has_blasting_upgrade": "2024-05-12 16:44:04 -0500"
    },
    "done": true
  },
  "minecraft:recipes/building_blocks/stone_stairs": {
    "criteria": {
      "has_stone": "2024-05-12 16:55:40 -0500"
    },
    "done": true
  },
  "additionallanterns:recipes/additionallanterns/dark_prismarine_chain": {
    "criteria": {
      "has_the_recipe": "2024-05-12 16:44:04 -0500"
    },
    "done": true
  },
  "additionallanterns:recipes/misc/red_nether_bricks_lantern": {
    "criteria": {
      "recipe_condition": "2024-05-12 16:44:04 -0500"
    },
    "done": true
  },
  "additionallanterns:recipes/additionallanterns/diorite_lantern": {
    "criteria": {
      "has_the_recipe": "2024-05-12 16:44:04 -0500"
    },
    "done": true
  },
  "minecraft:recipes/decorations/andesite_wall": {
    "criteria": {
      "has_andesite": "2024-05-12 17:09:03 -0500"
    },
    "done": true
  },
  "minecraft:recipes/building_blocks/andesite_slab": {
    "criteria": {
      "has_andesite": "2024-05-12 17:09:03 -0500"
    },
    "done": true
  },
  "minecraft:recipes/decorations/soul_campfire": {
    "criteria": {
      "has_stick": "2024-05-12 16:55:00 -0500"
    },
    "done": true
  },
  "additionallanterns:recipes/additionallanterns/smooth_stone_chain": {
    "criteria": {
      "has_the_recipe": "2024-05-12 16:44:04 -0500"
    },
    "done": true
  },
  "minecraft:recipes/tools/stone_axe": {
    "criteria": {
      "has_cobblestone": "2024-05-12 17:09:05 -0500"
    },
    "done": true
  },
  "minecraft:recipes/building_blocks/mossy_cobblestone_stairs": {
    "criteria": {
      "has_mossy_cobblestone": "2024-05-12 17:09:04 -0500"
    },
    "done": true
  },
  "decorative_blocks:recipes/decorations/lattice": {
    "criteria": {
      "has_stick": "2024-05-12 16:55:00 -0500"
    },
    "done": true
  },
  "additionallanterns:recipes/additionallanterns/obsidian_chain": {
    "criteria": {
      "has_the_recipe": "2024-05-12 16:44:04 -0500"
    },
    "done": true
  },
  "additionallanterns:recipes/misc/bricks_lantern": {
    "criteria": {
      "recipe_condition": "2024-05-12 16:44:04 -0500"
    },
    "done": true
  },
  "DataVersion": 2586
}