{
  "additionallanterns:recipes/additionallanterns/granite_lantern": {
    "criteria": {
      "has_the_recipe": "2024-05-15 23:22:11 +0000"
    },
    "done": true
  },
  "sophisticatedbackpacks:recipes/sophisticatedbackpacks/blasting_upgrade": {
    "criteria": {
      "has_upgrade_base": "2024-05-15 23:22:11 +0000"
    },
    "done": true
  },
  "additionallanterns:recipes/misc/basalt_lantern": {
    "criteria": {
      "recipe_condition": "2024-05-15 23:22:11 +0000"
    },
    "done": true
  },
  "additionallanterns:recipes/additionallanterns/diorite_chain": {
    "criteria": {
      "has_the_recipe": "2024-05-15 23:22:11 +0000"
    },
    "done": true
  },
  "additionallanterns:recipes/misc/granite_chain": {
    "criteria": {
      "recipe_condition": "2024-05-15 23:22:11 +0000"
    },
    "done": true
  },
  "additionallanterns:recipes/additionallanterns/red_nether_bricks_chain": {
    "criteria": {
      "has_the_recipe": "2024-05-15 23:22:11 +0000"
    },
    "done": true
  },
  "sophisticatedbackpacks:recipes/sophisticatedbackpacks/auto_smoking_upgrade": {
    "criteria": {
      "has_smoking_upgrade": "2024-05-15 23:22:11 +0000"
    },
    "done": true
  },
  "additionallanterns:recipes/additionallanterns/end_stone_lantern": {
    "criteria": {
      "has_the_recipe": "2024-05-15 23:22:11 +0000"
    },
    "done": true
  },
  "additionallanterns:recipes/additionallanterns/prismarine_chain": {
    "criteria": {
      "has_the_recipe": "2024-05-15 23:22:11 +0000"
    },
    "done": true
  },
  "additionallanterns:recipes/misc/crimson_lantern": {
    "criteria": {
      "recipe_condition": "2024-05-15 23:22:11 +0000"
    },
    "done": true
  },
  "additionallanterns:recipes/misc/prismarine_chain": {
    "criteria": {
      "recipe_condition": "2024-05-15 23:22:11 +0000"
    },
    "done": true
  },
  "additionallanterns:recipes/misc/warped_lantern": {
    "criteria": {
      "recipe_condition": "2024-05-15 23:22:11 +0000"
    },
    "done": true
  },
  "additionallanterns:recipes/additionallanterns/purpur_chain": {
    "criteria": {
      "has_the_recipe": "2024-05-15 23:22:11 +0000"
    },
    "done": true
  },
  "additionallanterns:recipes/additionallanterns/end_stone_chain": {
    "criteria": {
      "has_the_recipe": "2024-05-15 23:22:11 +0000"
    },
    "done": true
  },
  "additionallanterns:recipes/misc/normal_sandstone_lantern": {
    "criteria": {
      "recipe_condition": "2024-05-15 23:22:11 +0000"
    },
    "done": true
  },
  "additionallanterns:recipes/misc/smooth_stone_lantern": {
    "criteria": {
      "recipe_condition": "2024-05-15 23:22:11 +0000"
    },
    "done": true
  },
  "additionallanterns:recipes/misc/blackstone_lantern": {
    "criteria": {
      "recipe_condition": "2024-05-15 23:22:11 +0000"
    },
    "done": true
  },
  "additionallanterns:recipes/additionallanterns/normal_sandstone_chain": {
    "criteria": {
      "has_the_recipe": "2024-05-15 23:22:11 +0000"
    },
    "done": true
  },
  "additionallanterns:recipes/misc/red_sandstone_lantern": {
    "criteria": {
      "recipe_condition": "2024-05-15 23:22:11 +0000"
    },
    "done": true
  },
  "additionallanterns:recipes/additionallanterns/dark_prismarine_lantern": {
    "criteria": {
      "has_the_recipe": "2024-05-15 23:22:11 +0000"
    },
    "done": true
  },
  "additionallanterns:recipes/additionallanterns/red_nether_bricks_lantern": {
    "criteria": {
      "has_the_recipe": "2024-05-15 23:22:11 +0000"
    },
    "done": true
  },
  "morevillagers:root": {
    "criteria": {
      "always": "2024-05-15 23:22:11 +0000"
    },
    "done": true
  },
  "minecraft:adventure/adventuring_time": {
    "criteria": {
      "minecraft:forest": "2024-05-15 23:22:11 +0000",
      "minecraft:swamp": "2024-05-15 23:22:23 +0000"
    },
    "done": false
  },
  "sophisticatedbackpacks:recipes/sophisticatedbackpacks/smoking_upgrade_from_smelting_upgrade": {
    "criteria": {
      "has_smelting_upgrade": "2024-05-15 23:22:11 +0000"
    },
    "done": true
  },
  "additionallanterns:recipes/misc/obsidian_lantern": {
    "criteria": {
      "recipe_condition": "2024-05-15 23:22:11 +0000"
    },
    "done": true
  },
  "additionallanterns:recipes/misc/red_nether_bricks_chain": {
    "criteria": {
      "recipe_condition": "2024-05-15 23:22:11 +0000"
    },
    "done": true
  },
  "additionallanterns:recipes/misc/bricks_chain": {
    "criteria": {
      "recipe_condition": "2024-05-15 23:22:11 +0000"
    },
    "done": true
  },
  "additionallanterns:recipes/additionallanterns/basalt_lantern": {
    "criteria": {
      "has_the_recipe": "2024-05-15 23:22:11 +0000"
    },
    "done": true
  },
  "additionallanterns:recipes/additionallanterns/prismarine_lantern": {
    "criteria": {
      "has_the_recipe": "2024-05-15 23:22:11 +0000"
    },
    "done": true
  },
  "additionallanterns:recipes/misc/purpur_lantern": {
    "criteria": {
      "recipe_condition": "2024-05-15 23:22:11 +0000"
    },
    "done": true
  },
  "additionallanterns:recipes/additionallanterns/andesite_chain": {
    "criteria": {
      "has_the_recipe": "2024-05-15 23:22:11 +0000"
    },
    "done": true
  },
  "additionallanterns:recipes/misc/basalt_chain": {
    "criteria": {
      "recipe_condition": "2024-05-15 23:22:11 +0000"
    },
    "done": true
  },
  "additionallanterns:recipes/additionallanterns/red_sandstone_lantern": {
    "criteria": {
      "has_the_recipe": "2024-05-15 23:22:11 +0000"
    },
    "done": true
  },
  "additionallanterns:recipes/additionallanterns/normal_sandstone_lantern": {
    "criteria": {
      "has_the_recipe": "2024-05-15 23:22:11 +0000"
    },
    "done": true
  },
  "additionallanterns:recipes/additionallanterns/smooth_stone_lantern": {
    "criteria": {
      "has_the_recipe": "2024-05-15 23:22:11 +0000"
    },
    "done": true
  },
  "additionallanterns:recipes/misc/andesite_chain": {
    "criteria": {
      "recipe_condition": "2024-05-15 23:22:11 +0000"
    },
    "done": true
  },
  "additionallanterns:recipes/additionallanterns/purpur_lantern": {
    "criteria": {
      "has_the_recipe": "2024-05-15 23:22:11 +0000"
    },
    "done": true
  },
  "additionallanterns:recipes/additionallanterns/obsidian_lantern": {
    "criteria": {
      "has_the_recipe": "2024-05-15 23:22:11 +0000"
    },
    "done": true
  },
  "sophisticatedbackpacks:recipes/sophisticatedbackpacks/auto_blasting_upgrade_from_auto_smelting_upgrade": {
    "criteria": {
      "has_auto_smelting_upgrade": "2024-05-15 23:22:11 +0000"
    },
    "done": true
  },
  "additionallanterns:recipes/misc/andesite_lantern": {
    "criteria": {
      "recipe_condition": "2024-05-15 23:22:11 +0000"
    },
    "done": true
  },
  "additionallanterns:recipes/misc/dark_prismarine_chain": {
    "criteria": {
      "recipe_condition": "2024-05-15 23:22:11 +0000"
    },
    "done": true
  },
  "additionallanterns:recipes/misc/normal_nether_bricks_lantern": {
    "criteria": {
      "recipe_condition": "2024-05-15 23:22:11 +0000"
    },
    "done": true
  },
  "additionallanterns:recipes/misc/purpur_chain": {
    "criteria": {
      "recipe_condition": "2024-05-15 23:22:11 +0000"
    },
    "done": true
  },
  "additionallanterns:recipes/misc/prismarine_lantern": {
    "criteria": {
      "recipe_condition": "2024-05-15 23:22:11 +0000"
    },
    "done": true
  },
  "additionallanterns:recipes/misc/end_stone_lantern": {
    "criteria": {
      "recipe_condition": "2024-05-15 23:22:11 +0000"
    },
    "done": true
  },
  "additionallanterns:recipes/misc/warped_chain": {
    "criteria": {
      "recipe_condition": "2024-05-15 23:22:11 +0000"
    },
    "done": true
  },
  "farmersdelight:main/root": {
    "criteria": {
      "seeds": "2024-05-15 23:22:11 +0000"
    },
    "done": true
  },
  "additionallanterns:recipes/additionallanterns/blackstone_chain": {
    "criteria": {
      "has_the_recipe": "2024-05-15 23:22:11 +0000"
    },
    "done": true
  },
  "additionallanterns:recipes/additionallanterns/warped_chain": {
    "criteria": {
      "has_the_recipe": "2024-05-15 23:22:11 +0000"
    },
    "done": true
  },
  "additionallanterns:recipes/misc/normal_sandstone_chain": {
    "criteria": {
      "recipe_condition": "2024-05-15 23:22:11 +0000"
    },
    "done": true
  },
  "additionallanterns:recipes/additionallanterns/crimson_lantern": {
    "criteria": {
      "has_the_recipe": "2024-05-15 23:22:11 +0000"
    },
    "done": true
  },
  "additionallanterns:recipes/additionallanterns/normal_nether_bricks_lantern": {
    "criteria": {
      "has_the_recipe": "2024-05-15 23:22:11 +0000"
    },
    "done": true
  },
  "sophisticatedbackpacks:recipes/sophisticatedbackpacks/auto_smoking_upgrade_from_auto_smelting_upgrade": {
    "criteria": {
      "has_auto_smelting_upgrade": "2024-05-15 23:22:11 +0000"
    },
    "done": true
  },
  "additionallanterns:recipes/misc/granite_lantern": {
    "criteria": {
      "recipe_condition": "2024-05-15 23:22:11 +0000"
    },
    "done": true
  },
  "additionallanterns:recipes/misc/dark_prismarine_lantern": {
    "criteria": {
      "recipe_condition": "2024-05-15 23:22:11 +0000"
    },
    "done": true
  },
  "dungeons_arise:wda_root": {
    "criteria": {
      "WDA": "2024-05-15 23:22:11 +0000"
    },
    "done": true
  },
  "additionallanterns:recipes/misc/quartz_lantern": {
    "criteria": {
      "recipe_condition": "2024-05-15 23:22:11 +0000"
    },
    "done": true
  },
  "additionallanterns:recipes/additionallanterns/blackstone_lantern": {
    "criteria": {
      "has_the_recipe": "2024-05-15 23:22:11 +0000"
    },
    "done": true
  },
  "additionallanterns:recipes/misc/smooth_stone_chain": {
    "criteria": {
      "recipe_condition": "2024-05-15 23:22:11 +0000"
    },
    "done": true
  },
  "sophisticatedbackpacks:recipes/sophisticatedbackpacks/auto_blasting_upgrade": {
    "criteria": {
      "has_blasting_upgrade": "2024-05-15 23:22:11 +0000"
    },
    "done": true
  },
  "sophisticatedbackpacks:recipes/sophisticatedbackpacks/blasting_upgrade_from_smelting_upgrade": {
    "criteria": {
      "has_smelting_upgrade": "2024-05-15 23:22:11 +0000"
    },
    "done": true
  },
  "additionallanterns:recipes/additionallanterns/quartz_lantern": {
    "criteria": {
      "has_the_recipe": "2024-05-15 23:22:11 +0000"
    },
    "done": true
  },
  "additionallanterns:recipes/additionallanterns/andesite_lantern": {
    "criteria": {
      "has_the_recipe": "2024-05-15 23:22:11 +0000"
    },
    "done": true
  },
  "additionallanterns:recipes/misc/normal_nether_bricks_chain": {
    "criteria": {
      "recipe_condition": "2024-05-15 23:22:11 +0000"
    },
    "done": true
  },
  "additionallanterns:recipes/additionallanterns/normal_nether_bricks_chain": {
    "criteria": {
      "has_the_recipe": "2024-05-15 23:22:11 +0000"
    },
    "done": true
  },
  "additionallanterns:recipes/misc/red_sandstone_chain": {
    "criteria": {
      "recipe_condition": "2024-05-15 23:22:11 +0000"
    },
    "done": true
  },
  "additionallanterns:recipes/additionallanterns/dark_prismarine_chain": {
    "criteria": {
      "has_the_recipe": "2024-05-15 23:22:11 +0000"
    },
    "done": true
  },
  "additionallanterns:recipes/misc/red_nether_bricks_lantern": {
    "criteria": {
      "recipe_condition": "2024-05-15 23:22:11 +0000"
    },
    "done": true
  },
  "additionallanterns:recipes/additionallanterns/quartz_chain": {
    "criteria": {
      "has_the_recipe": "2024-05-15 23:22:11 +0000"
    },
    "done": true
  },
  "additionallanterns:recipes/misc/quartz_chain": {
    "criteria": {
      "recipe_condition": "2024-05-15 23:22:11 +0000"
    },
    "done": true
  },
  "additionallanterns:recipes/additionallanterns/bricks_lantern": {
    "criteria": {
      "has_the_recipe": "2024-05-15 23:22:11 +0000"
    },
    "done": true
  },
  "create:root": {
    "criteria": {
      "0": "2024-05-15 23:22:11 +0000"
    },
    "done": true
  },
  "additionallanterns:recipes/additionallanterns/crimson_chain": {
    "criteria": {
      "has_the_recipe": "2024-05-15 23:22:11 +0000"
    },
    "done": true
  },
  "additionallanterns:recipes/additionallanterns/bricks_chain": {
    "criteria": {
      "has_the_recipe": "2024-05-15 23:22:11 +0000"
    },
    "done": true
  },
  "additionallanterns:recipes/additionallanterns/diorite_lantern": {
    "criteria": {
      "has_the_recipe": "2024-05-15 23:22:11 +0000"
    },
    "done": true
  },
  "additionallanterns:recipes/misc/blackstone_chain": {
    "criteria": {
      "recipe_condition": "2024-05-15 23:22:11 +0000"
    },
    "done": true
  },
  "additionallanterns:recipes/misc/diorite_lantern": {
    "criteria": {
      "recipe_condition": "2024-05-15 23:22:11 +0000"
    },
    "done": true
  },
  "additionallanterns:recipes/misc/end_stone_chain": {
    "criteria": {
      "recipe_condition": "2024-05-15 23:22:11 +0000"
    },
    "done": true
  },
  "additionallanterns:recipes/additionallanterns/granite_chain": {
    "criteria": {
      "has_the_recipe": "2024-05-15 23:22:11 +0000"
    },
    "done": true
  },
  "additionallanterns:recipes/additionallanterns/smooth_stone_chain": {
    "criteria": {
      "has_the_recipe": "2024-05-15 23:22:11 +0000"
    },
    "done": true
  },
  "additionallanterns:recipes/misc/diorite_chain": {
    "criteria": {
      "recipe_condition": "2024-05-15 23:22:11 +0000"
    },
    "done": true
  },
  "additionallanterns:recipes/misc/obsidian_chain": {
    "criteria": {
      "recipe_condition": "2024-05-15 23:22:11 +0000"
    },
    "done": true
  },
  "sophisticatedbackpacks:recipes/sophisticatedbackpacks/smoking_upgrade": {
    "criteria": {
      "has_upgrade_base": "2024-05-15 23:22:11 +0000"
    },
    "done": true
  },
  "additionallanterns:recipes/misc/crimson_chain": {
    "criteria": {
      "recipe_condition": "2024-05-15 23:22:11 +0000"
    },
    "done": true
  },
  "additionallanterns:recipes/additionallanterns/red_sandstone_chain": {
    "criteria": {
      "has_the_recipe": "2024-05-15 23:22:11 +0000"
    },
    "done": true
  },
  "additionallanterns:recipes/additionallanterns/basalt_chain": {
    "criteria": {
      "has_the_recipe": "2024-05-15 23:22:11 +0000"
    },
    "done": true
  },
  "additionallanterns:recipes/additionallanterns/warped_lantern": {
    "criteria": {
      "has_the_recipe": "2024-05-15 23:22:11 +0000"
    },
    "done": true
  },
  "additionallanterns:recipes/additionallanterns/obsidian_chain": {
    "criteria": {
      "has_the_recipe": "2024-05-15 23:22:11 +0000"
    },
    "done": true
  },
  "additionallanterns:recipes/misc/bricks_lantern": {
    "criteria": {
      "recipe_condition": "2024-05-15 23:22:11 +0000"
    },
    "done": true
  },
  "DataVersion": 2586
}